Row;Year_1;Year_2;Year_3;Year_4;Year_5;Year_6
Non-insurance cash flow;-2.77161598205566e-12;-5.99026679992676e-12;-1.93119049072266e-11;6.70552253723145e-12;8.61287117004394e-12;2.17556953430176e-12
